{
    "AusRain_KMeans_k=2_Centroid_denoted_by_'x'": {
        "internal_scores": {
            "si": 0.3216738188803344,
            "ch": 10128.759086470212,
            "db": 1.1924525777838666
        },
        "external_scores": {
            "fm": 0.5070733541833902,
            "hs": 0.010175092114507072,
            "mi": 0.007052811353125521,
            "rs": 0.5070106113499632,
            "vs": 0.01017640797170189
        }
    },
    "AusRain_KMeans_k=7_Centroid_denoted_by_'x'": {
        "internal_scores": {
            "si": 0.325185586437166,
            "ch": 7822.969628545392,
            "db": 1.0430656880954443
        },
        "external_scores": {
            "fm": 0.3078760102063973,
            "hs": 0.010406453445486425,
            "mi": 0.0072131782376158304,
            "rs": 0.5023154040569526,
            "vs": 0.005797946345735141
        }
    },
    "AusRain EMax n=2": {
        "internal_scores": {
            "si": 0.10956578697681303,
            "ch": 2259.3959352275665,
            "db": 2.4957729752729434
        },
        "external_scores": {
            "fm": 0.541775280925655,
            "hs": 0.06025858173431594,
            "mi": 0.041767917636155394,
            "rs": 0.541053093875039,
            "vs": 0.060329398227832155
        }
    },
    "AusRain EMax n=7": {
        "internal_scores": {
            "si": -0.16508355479676215,
            "ch": 370.3858058017817,
            "db": 8.921709471090198
        },
        "external_scores": {
            "fm": 0.4490486964319608,
            "hs": 0.1537780127086334,
            "mi": 0.10659041723526172,
            "rs": 0.5503806248615495,
            "vs": 0.096506424093544
        }
    },
    "AusRain PCA 91% + KMeans": {
        "internal_scores": {
            "si": -0.05855791385544366,
            "ch": 698.1128520406459,
            "db": 6.881050255517057
        },
        "external_scores": {
            "fm": 0.3345567625924688,
            "hs": 0.15088568200114727,
            "mi": 0.10458561348300204,
            "rs": 0.5271345419774032,
            "vs": 0.08158977599715943
        }
    },
    "AusRain ICA 8 + KMeans": {
        "internal_scores": {
            "si": 0.020844991625468764,
            "ch": 1598.6311476384096,
            "db": 4.308213408153294
        },
        "external_scores": {
            "fm": 0.34498242591628214,
            "hs": 0.16188827427076324,
            "mi": 0.11221200219768719,
            "rs": 0.532074029612275,
            "vs": 0.08864275699953834
        }
    },
    "AusRain RProj 9 + KMeans": {
        "internal_scores": {
            "si": -0.031684774671275756,
            "ch": 1258.091561065065,
            "db": 4.740790383079507
        },
        "external_scores": {
            "fm": 0.3627215034231052,
            "hs": 0.18738174110125702,
            "mi": 0.12988266407172427,
            "rs": 0.541442008438825,
            "vs": 0.10305389902981546
        }
    },
    "AusRain KernelPCA 3 + KMeans": {
        "internal_scores": {
            "si": -0.07453599187620227,
            "ch": 750.1860858191881,
            "db": 5.55197423603032
        },
        "external_scores": {
            "fm": 0.33250725217534693,
            "hs": 0.16242203795290877,
            "mi": 0.11258197767456321,
            "rs": 0.5296592061246411,
            "vs": 0.0867362130237207
        }
    },
    "AusRain PCA 91% + EMax": {
        "internal_scores": {
            "si": -0.13704103708192994,
            "ch": 230.83138487747772,
            "db": 8.9212581838003
        },
        "external_scores": {
            "fm": 0.4354726712684343,
            "hs": 0.22212366049650842,
            "mi": 0.1539638419895982,
            "rs": 0.5641825678060919,
            "vs": 0.1305484359867848
        }
    },
    "AusRain ICA 8 + EMax": {
        "internal_scores": {
            "si": -0.04508518963578753,
            "ch": 1066.9159308136755,
            "db": 5.873392790685155
        },
        "external_scores": {
            "fm": 0.34604284293599147,
            "hs": 0.18425104105661727,
            "mi": 0.1277126358725117,
            "rs": 0.5334171504981807,
            "vs": 0.09982083172364986
        }
    },
    "AusRain RProj 9 + EMax": {
        "internal_scores": {
            "si": -0.06709472095545553,
            "ch": 362.97637894868495,
            "db": 7.597209409877583
        },
        "external_scores": {
            "fm": 0.381528136269723,
            "hs": 0.21311185918941616,
            "mi": 0.14771735951499204,
            "rs": 0.5460354905475827,
            "vs": 0.11858877504914697
        }
    },
    "AusRain linear KPCA 3 + EMax": {
        "internal_scores": {
            "si": -0.06691596389471172,
            "ch": 753.9070319351495,
            "db": 6.091104051607914
        },
        "external_scores": {
            "fm": 0.34509696231474923,
            "hs": 0.1698495925534688,
            "mi": 0.1177303479127158,
            "rs": 0.5340155388878358,
            "vs": 0.09139530701404251
        }
    },
    "AusRain Train NN with PCA 91%": 0.8577363000056906,
    "AusRain Train NN with ICA 8": 0.8441927957662323,
    "AusRain Train NN with RProj 9": 0.8448187560462073,
    "AusRain Train NN with linear KPCA 3": 0.76224890456951,
    "AusRain Train NN with linear KMeans 7": 0.8252432709269902,
    "AusRain Train NN with linear EMax 7": 0.7478518181300859
}