{
    "EnglishChars_KMeans_k=2_Centroid_denoted_by_'x'": {
        "internal_scores": {
            "si": 0.07492813225829452,
            "ch": 59.04914076319133,
            "db": 3.736476126051544
        },
        "external_scores": {
            "fm": 0.10472492357537909,
            "hs": 0.032842413937794614,
            "mi": 0.13464464862070324,
            "rs": 0.49802409612029347,
            "vs": 0.05624944538306531
        }
    },
    "EnglishChars_KMeans_k=21_Centroid_denoted_by_'x'": {
        "internal_scores": {
            "si": 0.01639285124959587,
            "ch": 16.413536740123508,
            "db": 2.979436852615758
        },
        "external_scores": {
            "fm": 0.08234886591682966,
            "hs": 0.2950259987365058,
            "mi": 1.209523514595722,
            "rs": 0.9356042468173638,
            "vs": 0.3422208855469037
        }
    },
    "EnglishChars EMax n=2": {
        "internal_scores": {
            "si": 0.06903135992465295,
            "ch": 36.7314747558516,
            "db": 4.6449393827933445
        },
        "external_scores": {
            "fm": 0.10024548170894777,
            "hs": 0.01991109415434754,
            "mi": 0.08162987900778794,
            "rs": 0.46266147097512783,
            "vs": 0.03435802925149671
        }
    },
    "EnglishChars EMax n=21": {
        "internal_scores": {
            "si": 0.007559160736360406,
            "ch": 8.868130874722334,
            "db": 3.2162466880174554
        },
        "external_scores": {
            "fm": 0.06417742648507586,
            "hs": 0.16084076554623,
            "mi": 0.6594018454878317,
            "rs": 0.8391289511197706,
            "vs": 0.20932719434745295
        }
    },
    "EnglishChars PCA 91% + KMeans": {
        "internal_scores": {
            "si": 0.0364589414423438,
            "ch": 17.539104166742025,
            "db": 3.1082560127793406
        },
        "external_scores": {
            "fm": 0.08027942872262751,
            "hs": 0.10474780670232921,
            "mi": 0.4294365101766796,
            "rs": 0.7362498555223487,
            "vs": 0.14995327039746056
        }
    },
    "EnglishChars ICA 800 + KMeans": {
        "internal_scores": {
            "si": -0.008893234604506164,
            "ch": 3.8647904058112665,
            "db": 6.3735588951368785
        },
        "external_scores": {
            "fm": 0.07504783113381824,
            "hs": 0.05650542780815022,
            "mi": 0.23165634191205225,
            "rs": 0.6774515793471262,
            "vs": 0.08500976477448603
        }
    },
    "EnglishChars RProj 64 + KMeans": {
        "internal_scores": {
            "si": 0.0215171732070496,
            "ch": 16.854135907352017,
            "db": 3.3090636229670367
        },
        "external_scores": {
            "fm": 0.0762369796588009,
            "hs": 0.10929972379730601,
            "mi": 0.4480980884323028,
            "rs": 0.7888699921294079,
            "vs": 0.1526049881444678
        }
    },
    "EnglishChars KernelPCA 64 + KMeans": {
        "internal_scores": {
            "si": 0.04117631227568882,
            "ch": 18.900950440579425,
            "db": 3.2376680154658937
        },
        "external_scores": {
            "fm": 0.0814735821446267,
            "hs": 0.10268863444238176,
            "mi": 0.420994483780104,
            "rs": 0.7227982981908646,
            "vs": 0.14825122634609006
        }
    },
    "EnglishChars PCA 91% + EMax": {
        "internal_scores": {
            "si": 0.0018261167642432212,
            "ch": 20.571286483781947,
            "db": 5.170596196653266
        },
        "external_scores": {
            "fm": 0.07886037042479865,
            "hs": 0.054577313997937756,
            "mi": 0.2237516182529297,
            "rs": 0.7114629944575621,
            "vs": 0.08256033951840182
        }
    },
    "EnglishChars ICA 800 + EMax": {
        "internal_scores": {
            "si": -0.06720588867031596,
            "ch": 4.934422354529166,
            "db": 3.3314391681986764
        },
        "external_scores": {
            "fm": 0.10850234001145698,
            "hs": 0.025009933204205508,
            "mi": 0.10253368326352798,
            "rs": 0.2651949209913644,
            "vs": 0.04429395832350896
        }
    },
    "EnglishChars RProj 64 + EMax": {
        "internal_scores": {
            "si": -0.0018751836795278113,
            "ch": 14.920500684298338,
            "db": 5.27077117793494
        },
        "external_scores": {
            "fm": 0.07567751203991903,
            "hs": 0.08211174389697054,
            "mi": 0.3366350270592559,
            "rs": 0.7622806003665604,
            "vs": 0.11797874321786987
        }
    },
    "EnglishChars linear KPCA 64 + EMax": {
        "internal_scores": {
            "si": 0.0004362335509273463,
            "ch": 14.773574337599666,
            "db": 4.46177385651788
        },
        "external_scores": {
            "fm": 0.07593269677346218,
            "hs": 0.06546483182754777,
            "mi": 0.2683873753959968,
            "rs": 0.7304900131543461,
            "vs": 0.09671551781291417
        }
    },
    "EnglishChars Train NN with PCA 91%": {
        "internal_scores": {
            "si": 0.0004362335509273463,
            "ch": 14.773574337599666,
            "db": 4.46177385651788
        },
        "external_scores": {
            "fm": 0.07593269677346218,
            "hs": 0.06546483182754777,
            "mi": 0.2683873753959968,
            "rs": 0.7304900131543461,
            "vs": 0.09671551781291417
        }
    },
    "EnglishChars Train NN with ICA 800": {
        "internal_scores": {
            "si": 0.0004362335509273463,
            "ch": 14.773574337599666,
            "db": 4.46177385651788
        },
        "external_scores": {
            "fm": 0.07593269677346218,
            "hs": 0.06546483182754777,
            "mi": 0.2683873753959968,
            "rs": 0.7304900131543461,
            "vs": 0.09671551781291417
        }
    },
    "EnglishChars Train NN with RProj 64": 0.41735052754982416,
    "EnglishChars Train NN with linear KPCA 64": 0.5029308323563892,
    "EnglishChars Train NN with KMeans 21": 0.03399765533411489,
    "EnglishChars Train NN with EMax 24": 0.017584994138335287
}